instance_type,region,hourly_cost,monthly_cost,carbon_kg,energy_kwh,water_liters,carbon_per_dollar
t3.micro,us-east-1,0.0104,7.592,4.981374,10.95,23.651999999999997,0.6561346153846154
t3.micro,us-west-2,0.0104,7.592,1.7611322999999997,10.95,21.965699999999995,0.23197211538461535
t3.micro,eu-west-1,0.0104,7.592,3.979229999999999,10.95,18.888749999999995,0.5241346153846153
t3.micro,eu-central-1,0.0104,7.592,4.086539999999999,10.95,21.024,0.5382692307692307
t3.micro,ap-southeast-2,0.0104,7.592,10.640115,10.95,28.283849999999997,1.4014903846153846
